{
    "train_loss": [
        0.7253746420145035,
        0.6220242768526077,
        0.566789273917675,
        0.536406746506691,
        0.5282115757465362,
        0.4707441046833992,
        0.5151574164628983,
        0.45852906405925753,
        0.4597005993127823,
        0.4542017884552479,
        0.47400016635656356,
        0.4628605306148529,
        0.48170641213655474,
        0.4621974781155586,
        0.4569667473435402,
        0.4466748759150505,
        0.44506125450134276,
        0.441871477663517
    ],
    "val_loss": [
        0.6408584475517273,
        0.5809887766838073,
        0.5506408333778381,
        0.5328691840171814,
        0.5244403004646301,
        0.520984947681427,
        0.5151851892471313,
        0.5077576637268066,
        0.5094452798366547,
        0.5104647994041442,
        0.5124659776687622,
        0.5130270183086395,
        0.514136654138565,
        0.5177015125751495,
        0.5185136020183563,
        0.5200546622276306,
        0.5274701118469238,
        0.5286593914031983
    ],
    "train_acc": [
        0.48450244698205547,
        0.6851549755301795,
        0.734094616639478,
        0.7406199021207178,
        0.7569331158238173,
        0.766721044045677,
        0.7699836867862969,
        0.7944535073409462,
        0.7895595432300163,
        0.7846655791190864,
        0.7732463295269169,
        0.7944535073409462,
        0.7879282218597063,
        0.7944535073409462,
        0.797716150081566,
        0.7928221859706363,
        0.7797716150081566,
        0.797716150081566
    ],
    "val_acc": [
        0.7012987012987013,
        0.7012987012987013,
        0.6948051948051948,
        0.6818181818181818,
        0.6818181818181818,
        0.6948051948051948,
        0.6948051948051948,
        0.7012987012987013,
        0.7077922077922078,
        0.6948051948051948,
        0.7012987012987013,
        0.7012987012987013,
        0.6948051948051948,
        0.6883116883116883,
        0.6883116883116883,
        0.6883116883116883,
        0.6818181818181818,
        0.6818181818181818
    ]
}